"0","tamaramorrison@hotmail.com","pbkdf2:sha256:600000$CvgEwZbS5x3ydbIp$a32f110cf9f95e3bc7b8ae5fa60a102bd4cca7981f76bc6059b6d4cf2fe6eb07","Gary","Cross","","0"
"1","woodtina@gmail.com","pbkdf2:sha256:600000$tpaEILqxr2rNIQHz$60b8e8a6bd260ee50fe1f5ac4b2e3c47f3b412d25e8e2e03e1f9badec664e85c","Denise","Thornton","","0"
"2","rogersbrandon@yahoo.com","pbkdf2:sha256:600000$8MJwz7Cf271jYDe7$59a2f7610e8b6dad1c8292db3da3433f415ed6be4108e80d42b00e6dd14b50fc","Christina","Saunders","","0"
"3","davidbanks@yahoo.com","pbkdf2:sha256:600000$dPw0yEBysSy6ufzu$9a5333130cad4cff2e2f0d1c848359db7d2f8b5688c6d0516d2a16bf5870b9e0","Kathleen","Collins","","0"
"4","samanthasims@yahoo.com","pbkdf2:sha256:600000$ItyMiEm6Ygm7VmcI$58e96846c75222eb6f8b0e103c3e2d85f9913f60992a5d2cf1f5206d23e0f940","Timothy","Parker","","0"
"5","amyvelazquez@gmail.com","pbkdf2:sha256:600000$w7bkGfnMZRpi7jL3$5acdf5b009a2fb76c9e567b4895c59a0f98ddb8ac847285a2ced8602f01002ca","Dr.","DDS","","0"
"6","dpatrick@gmail.com","pbkdf2:sha256:600000$GGIvREbwS3E6VhvZ$c2a918f829b6dfaee099b9bda28d9668358edec7b4e71c8a4446ed4d10c9c10c","John","Gibbs","","0"
"7","huberrachel@gmail.com","pbkdf2:sha256:600000$UPUzoitAHTj1vsa1$1c2976f05acbf0fdc3a74ea53b460563c3b69831a25ce9dcf4937684f9e9d94d","Julie","Chen","","0"
"8","karicarter@yahoo.com","pbkdf2:sha256:600000$TVIGkVMdV0CKMYTD$53ed25de155ca94100eb3f4f2e08c1209a2a0d095551021cc5c055b455f227c2","Ashley","Cooper","","0"
"9","bramirez@gmail.com","pbkdf2:sha256:600000$6Xtd8NZSMRSblCKm$0b0e0138753b897ee3b1bbe4a76c7caf7c1e95ceb389d16e6647eb00f595dd82","Christina","Smith","","0"
"10","mcdanielchristopher@hotmail.com","pbkdf2:sha256:600000$zFjAAKecZdl3Yeie$bda1b68f5a6c1cc32fb7c764d6039456fa7abe8c3e1422bfd6ba83be14595ddb","Leslie","Taylor","","0"
"11","fcarpenter@yahoo.com","pbkdf2:sha256:600000$F4tkEYoUMWUviP2l$21688dc2db974d9924d670ef23c8148b8487cbb6feeac257373eadb210c8bcbf","Amanda","Schultz","","0"
"12","nhenson@yahoo.com","pbkdf2:sha256:600000$rQIXcGMqh1s1aFik$d28e4755700e468d5d50b18e567ecc355fb7d6113c59e0609efc2693cc2a44fb","Kristen","Smith","","0"
"13","taylorjamie@yahoo.com","pbkdf2:sha256:600000$pudF9TiIdcbP7ai3$1a94bed518acb71af434a60f22a3b43d2fe63ad979c2afea5ae5317b6c959c5c","Mitchell","Payne","","0"
"14","areyes@yahoo.com","pbkdf2:sha256:600000$BBqF8akLoiJGoMv6$48eab9ead368db72371022eaf57de748d43c425b6967d71b0a8ef1795662eaf9","Katherine","Brown","","0"
"15","zmorgan@yahoo.com","pbkdf2:sha256:600000$zF1iNxT9FwJ82Ys1$e658b73eddc882883c486e87b09cb479faec0fa6c2080de45e7e77b155c36d12","Jessica","Hancock","","0"
"16","rfischer@yahoo.com","pbkdf2:sha256:600000$DZGv8XqxXD5iO6Uv$ee29da7b8dcb87e50a3c1e0aa3a697c7b60b25224b87d542b48f20a3cc512bd4","Gloria","Smith","","0"
"17","vasquezkathryn@gmail.com","pbkdf2:sha256:600000$467WlTpc7WToFqDB$771e2d36988741ecb04beea624ea230e116563515a004d21fbb550dc519c95da","Miguel","Shields","","0"
"18","kimberly87@gmail.com","pbkdf2:sha256:600000$n7BvEVU4uEpll6WK$59063ba8c64975abb570d33180bf455c64d598ddd1c8951bc78ea3ca650f646b","Kyle","Powell","","0"
"19","wbrown@hotmail.com","pbkdf2:sha256:600000$kYpuaWrQehw303Gr$a98dcbc5e4ae5feeb018676500c37d34fe00485ed7b0ff6b58408c466fa8de43","William","Hensley","","0"
"20","pwilliams@hotmail.com","pbkdf2:sha256:600000$ze8eX4mVcfAjKc6Z$99422e49074f93273906f88320c2c0dba9b4636cfa2959d78f0b51c4341dd369","Brett","Donaldson","","0"
"21","houstonwhitney@hotmail.com","pbkdf2:sha256:600000$UWkDwpbjpJxnbK88$b36a6f2be99eea680c516f07cc48d93c3b637403f4f28bda90b83f4e5085ccad","Thomas","Cook","","0"
"22","pford@hotmail.com","pbkdf2:sha256:600000$OIZ4LkVdTVm4Qsfx$3f2602465158502759077218a1ee7ed4438f843f292403283e6f4b5ed0c8e214","Tina","Thompson","","0"
"23","elizabeth32@hotmail.com","pbkdf2:sha256:600000$uvR6dANurEuIE38e$b61aa4a002cb5147c47221bcbe304db0ef043dab414f8840e19602452fae5c85","Lauren","Walters","","0"
"24","nancy51@hotmail.com","pbkdf2:sha256:600000$aOSr9rtCvGc5Mwli$f8acc7db671355f16b5345d0bb547ab0443879c81bf22403e5d8bb5c44878e20","Troy","Hawkins","","0"
"25","danielrobles@yahoo.com","pbkdf2:sha256:600000$ESrBPhd9rHY47owo$6441fba8b6049532c43a349523f14fab13617a94117d4325b3562b3bfbb113ce","William","Bray","","0"
"26","griffinpamela@hotmail.com","pbkdf2:sha256:600000$Kg7MZ6TYkZAzPlXz$dd512165a7895be0bfa9dca934a599388592213162ae02481b9368fc3b161e72","Melissa","Wells","","0"
"27","qmyers@yahoo.com","pbkdf2:sha256:600000$qfXaGqEOmGfZ0oec$24556832110abe882585c0f5e97ede0ef266183588cb7dac50bdebac1b152a6a","Amy","Sanchez","","0"
"28","jeremy94@gmail.com","pbkdf2:sha256:600000$uCWO9ndjcizbLqyc$4737490fc2bed6d42c3b7fb6939adeb50c69b747be0ca2da2e9de779224c2f35","Joshua","Jones","","0"
"29","wendysteele@gmail.com","pbkdf2:sha256:600000$1AheTcnKiQBJRfad$a1b09f29316c592504627bebeb3c4b0ceeabb35a1d6f370ebe939e42bba9aea1","Zachary","Garcia","","0"
"30","hartmanrobert@hotmail.com","pbkdf2:sha256:600000$xO2g1WhO9AzOSsCd$c362d3982b2d1cf0b63acf5a908975af25f94fa9e94a3d2f4df0e276ddaa7718","Kim","Ortiz","","0"
"31","martinezchristopher@gmail.com","pbkdf2:sha256:600000$Ke2xPupCUTQbbAJO$721d14bebc0b29010402a8fe873eac20ddfd0d5efb41fb26ff6e23cd9b08183c","Kristin","Ibarra","","0"
"32","qstark@yahoo.com","pbkdf2:sha256:600000$leEB8sp2Z0i5uUFh$ac59bcbc4801e4db76416f8d95542205dbf91e96fd3c182d3bcbfc947dd25661","Eric","Taylor","","0"
"33","waynebarnes@yahoo.com","pbkdf2:sha256:600000$mpKRe1n5lROv460P$a3c2987d038acaef860ee8e0fe3cc7906c76c0df75c221c834f53ad411848853","Daniel","Mccall","","0"
"34","vschneider@gmail.com","pbkdf2:sha256:600000$vzrusp8wuxw2pgWH$b2083e7869246a0f587a8f84fd4fadc8825baec7a39b72d94e63691fdf1bfc3d","Brian","Kelly","","0"
"35","ostone@gmail.com","pbkdf2:sha256:600000$XrEB5VHAj3C2nDDP$c648102f5aa7bb78f6693f293373f0a370221b88b2dbb2ad4f37b20c3f529c72","Abigail","Hoover","","0"
"36","blewis@hotmail.com","pbkdf2:sha256:600000$mOwg7nkhgPRgNgmf$94e279ce78173ae63d5a327e442d8600493122b8a435accab8658598c509d58f","Ashley","Williams","","0"
"37","hbrown@gmail.com","pbkdf2:sha256:600000$5PLBfyXVVtWbU0H0$b8aed2296876a8d7bd5cd6bd3527e8e974bf7b65eaa6dff9e2639fc67c039ceb","Edward","Hill","","0"
"38","joylowe@yahoo.com","pbkdf2:sha256:600000$QM6EYxoMPlSioXWR$e0c7dc998fab6e77551361751e0f7ece9c7471c5e0337aba02da987a0714fca8","Chad","Bridges","","0"
"39","sandygarcia@gmail.com","pbkdf2:sha256:600000$ZizKK23HnJrfm58F$9642feaba1eb702ecc8f01dce1f9dcc577d410e2887420d569c5555cc645a6e8","Dalton","Fritz","","0"
"40","nbaker@gmail.com","pbkdf2:sha256:600000$5TKJ1si97xaMwoSX$d13f58c7150d67802dafb4d0b1b364972d7ee277f16924e4a4e4dec639a1dee4","Erica","Vega","","0"
"41","jenniferbaldwin@hotmail.com","pbkdf2:sha256:600000$ICllSOwyPH2MBNSz$f42c858ecdf1822e96df68bdbb3c07b40b8d27d20fb44cc1fb7f3af214307b9d","Dawn","Russell","","0"
"42","codyherring@hotmail.com","pbkdf2:sha256:600000$rg5VGOz5xtF7oDFd$55e84a5924c430a7d0467488c29c3e884a064e5f5659bcb3050d968ebdc8492d","Erica","Le","","0"
"43","tgilmore@yahoo.com","pbkdf2:sha256:600000$xVr0hTJtrj8vybOG$31b70066ce7460d83803b285fa6a90b3a8458643868f6cb772d1eb6416e35ecf","Kenneth","Castro","","0"
"44","justinbonilla@hotmail.com","pbkdf2:sha256:600000$gfeQJdVxhjcXSM9o$4a8a8f91d2c739a94d45d3cf38d20fcc97cfa1be8e30cc096586a79a7820e60a","Daniel","Patterson","","0"
"45","webereric@hotmail.com","pbkdf2:sha256:600000$NgZAydm7v1rB42MB$5f0aa66aa787a69c478eef7921164782afc9c890f19b69e18165568344178556","Douglas","Yates","","0"
"46","denisetaylor@gmail.com","pbkdf2:sha256:600000$ZS2h0ukRwuP8dvo6$3f8e64f629de48a19e6968df0b84512b67da953fd55e4688227b141da2dea376","David","Steele","","0"
"47","jyoung@gmail.com","pbkdf2:sha256:600000$Yqai8qEUu8iL20H2$be547cdcc1620df378fa0b5deb044aab57adb3bfcc00fdaa9c1dddc22f7a8628","Christopher","Green","","0"
"48","upeters@hotmail.com","pbkdf2:sha256:600000$sIQ8AfVr7sNNjvLN$9d71811d57712b12ab29b2938b6ace17aff650a026ea997067e479bece67fccf","Maria","Valentine","","0"
"49","torreskyle@hotmail.com","pbkdf2:sha256:600000$7kEFgTvqcsgyExZk$9bdc2261d3f869b46c05571c195e22d15cee2502cd341f464cbd35edd637b84b","Beverly","Taylor","","0"
"50","christopher91@gmail.com","pbkdf2:sha256:600000$ef27w84eD2owNsCp$fb48fc5bbe132c68a12c0ce5ba541e06965c4266ea7247c6a669ca6afe3f22ff","Kristin","Alvarez","","0"
"51","yolandabraun@gmail.com","pbkdf2:sha256:600000$g7US90MaC9UHGYTP$ea16f5fd56a39cb9fc046fe680f00b092b09fdd6d2e33678fa3869ca3ce33a49","Scott","Lawrence","","0"
"52","olsonjohn@gmail.com","pbkdf2:sha256:600000$ke4U09XsFOLq7vY9$de608a6c0e3ede72f6ad81622080d4c7f3e325ee1eba075f01cc67b3e25f3487","Perry","Jr.","","0"
"53","erin71@yahoo.com","pbkdf2:sha256:600000$92YJmmCpN3xjloiD$45d8ace82b0635d8c3d1a522ffad76448009ba2ff22c2af7e4acac4f04772575","David","Rivera","","0"
"54","kelly22@hotmail.com","pbkdf2:sha256:600000$WrPCuXMq9ibBxI87$4a1d9613eac192986d0aa20504c46c2ef7394d315b0f48aed3ac70a3448af843","Shannon","Rivera","","0"
"55","beverlysmith@yahoo.com","pbkdf2:sha256:600000$I4N5dvGIn7ySaVgp$3fa98809dc0299740a691ea4b4a87736bc439f1ada5a2388a4419b096939677b","Katherine","Smith","","0"
"56","ktucker@hotmail.com","pbkdf2:sha256:600000$0aVXi7dUbcvV0d5H$2a1f89fe6432a584a0779be14a11982427fd236134db4d701ecaed67c59e51e5","Elaine","Morris","","0"
"57","gordon43@hotmail.com","pbkdf2:sha256:600000$hNV5Vcdlt7z4h0hx$e8254d2d510e9fc1de8a59681065406a9bd0df17cb675fcf8c9c15b1c659ad55","Wayne","Reed","","0"
"58","kennethwashington@gmail.com","pbkdf2:sha256:600000$1GTuCuc7Xwbo5xvw$949d74f7c0002cbc8c068ab199f4844111f8389cb99b4270f514aa490af1ee0f","Jennifer","Marsh","","0"
"59","zharris@hotmail.com","pbkdf2:sha256:600000$b4uD9Ps6y31rNfTw$4e95fcb111c1dc977dcecb5c540e75d6602e62dbe73adb742a5517cf7ef3fb36","Richard","Haynes","","0"
"60","davidlewis@gmail.com","pbkdf2:sha256:600000$xa0RbgRwbhFNlOCW$8b0cfbdc97a252ef1c06d8d353eb4d2d1dd3f47b0f2e1f55ab1a6e3043f8a209","Sean","Jackson","","0"
"61","joshuakent@yahoo.com","pbkdf2:sha256:600000$pEITrbNYJweIjpRy$f447977260518dcea9479b99b1df8ab318d0fabb173bc9c9aafd80e9461d0c22","Billy","Graham","","0"
"62","tammy10@yahoo.com","pbkdf2:sha256:600000$FSldGe603rE9xCxy$b8038618c90fcf0abd8f7fbb4a1bd8e4fb6f1100e6e213beef946d6df516ce0a","Christopher","Mitchell","","0"
"63","christianhernandez@gmail.com","pbkdf2:sha256:600000$kLC266iJJAYljPh3$ea844a58fbedcd1d71a0f85bc75205cf3d29a46e3841ec2ef1a4b12e470dc1a6","Jeffrey","Griffin","","0"
"64","randallwendy@yahoo.com","pbkdf2:sha256:600000$rRdutHHktG47ruZu$4a9d9536b2b543b4dea0a2655598587d69db1ec135f7d91f6a583bc3d9aa369d","Chase","Foley","","0"
"65","heathercrawford@yahoo.com","pbkdf2:sha256:600000$6aPVNXPZW7Db2a70$c371e39bd905e1e8eca159bbf59075e5ba1807eed1283046c3ea134973ead667","Matthew","Cisneros","","0"
"66","pauldiaz@gmail.com","pbkdf2:sha256:600000$tGJNhfCsb9ySHkGd$3a01b4d187fa17ee807e34e42852048dfeca09355fd616b8a73e421a0cf7dfeb","Tyler","Pace","","0"
"67","victorlewis@gmail.com","pbkdf2:sha256:600000$bruMDWZKRiXON3gF$051c680817f6aae6ff39592e82e4cf59c085fe1bb7ea84a4c7400286f539be7c","Matthew","Beltran","","0"
"68","armstrongcolleen@gmail.com","pbkdf2:sha256:600000$tOCVVUEeJMTqDSsC$6ca0241c9ce3f41762ba1d7a6057b2394ea0a90acacc17521a39d1cde85215c6","Sandra","Powell","","0"
"69","mwade@hotmail.com","pbkdf2:sha256:600000$BQL9LudsZp3o2IWq$6d1aa3a3ed4cb95f9c157742bd223d08b8ffcf8126228d8fed4f7cb7c64ab1cd","Matthew","Jones","","0"
"70","kristinperry@yahoo.com","pbkdf2:sha256:600000$pATB8WRabLTujgnT$a0fa42d5c3ae25aab1c97c83b7f653e162262afb54d80a1990226443f2259fac","Jacob","Roy","","0"
"71","cbrown@yahoo.com","pbkdf2:sha256:600000$PPwFUNMvQ23UjIjF$da6d1e97fec72a12775b17fb112238df8796c5754fa0c784def00956d248db39","Shannon","Boyd","","0"
"72","patricklopez@hotmail.com","pbkdf2:sha256:600000$NGQc3TjPATp3Cr8V$7baf35c39b0aa142e0d5945c84bafec594c616f78fea8b29d539945ba27716f2","Jessica","Wilson","","0"
"73","osanders@gmail.com","pbkdf2:sha256:600000$cJkkXZKObcXaWXCd$d6430935396d15ca38eab1860dcca8fd3af51579c4fa072b913d079e840f9f92","Keith","Ramsey","","0"
"74","sharon91@hotmail.com","pbkdf2:sha256:600000$cekuTw0UdI1tLO3h$e1eef9f3b5131a90611876fd4f8e66721a993f57ac862d81bbedf51a8ffb65db","Lori","Dominguez","","0"
"75","privera@gmail.com","pbkdf2:sha256:600000$RicnePsOVcMMxWx6$3b9ef2b4f9262f5138f699f8b7f7c8316cbd1f5baf8339cd298ce12dc53f81b4","Patricia","Pearson","","0"
"76","brian64@yahoo.com","pbkdf2:sha256:600000$OnqQGZuv0PAC658G$0363b4612a55262c9cdaff22e4aeb8c2545be4185f4bff45f3c1e0df77450c20","Alan","Pineda","","0"
"77","diazfrank@yahoo.com","pbkdf2:sha256:600000$MWkskeQTQaJvMa1F$bcb63647d4116b031385327ed9a55f34b1fc6b60f95bfd264ca42394f3f75b9c","Jamie","Clark","","0"
"78","qferrell@hotmail.com","pbkdf2:sha256:600000$kgmWCTgVgMsXu2LX$29b7031628d614d008f51b5a25b5f762d33d0692411901cd54b0336154c7bc5c","Tracey","Bartlett","","0"
"79","patrick19@yahoo.com","pbkdf2:sha256:600000$iQyltDj9zLwoHwNS$68c6de944509dbd5c2da5b16809c64efd0a27b8144f6cd7646c7517f4992e7f5","John","Coleman","","0"
"80","derek56@hotmail.com","pbkdf2:sha256:600000$uJwAU6AalaEPvHNp$f0c8a164fdebfed77b62648a037d8f1bec20f40821ffb526cb255b02546b7194","Edward","Ochoa","","0"
"81","jacob95@gmail.com","pbkdf2:sha256:600000$m3ECq3NWDASlbARs$ce8d07e24197b08c3333116dbf157f7330f77aee3f62c4525bb2d8fc8abfd6da","Sheri","Jennings","","0"
"82","ppatel@gmail.com","pbkdf2:sha256:600000$YYrOdyo9Bs14dWkh$051500d01bd7cec99aaa50035f182ffa7ab395a77683affbb17fc2e976dc13da","Deanna","Holt","","0"
"83","nicholasmorgan@hotmail.com","pbkdf2:sha256:600000$a5iVyrkXjN1JolKs$930926a95d9e3967723e97b48a078e36f2124c9ce147ae2b28ee3601df551121","Larry","Palmer","","0"
"84","dwells@hotmail.com","pbkdf2:sha256:600000$jwLBtQR1r5YQFwY0$99c9ef4fd5debaf448b2c0c76e1a35f2422acfe801ace3a93aa0c348b2ab7b8d","Kristina","Higgins","","0"
"85","amyporter@yahoo.com","pbkdf2:sha256:600000$XdzgpUlmgbo3ep48$b4ba4e8581d23f31db3ad2bef59a7769f7e1a35dbd35a5d8e39f4351fdedfc0c","Shawn","Matthews","","0"
"86","lindseylynch@hotmail.com","pbkdf2:sha256:600000$cnCQYn1otxqetGc6$fd3ad2e0ee7ec73af5d06f52802d5991dcdeafc53dc74d335527765e9ee1c8e8","Leslie","Pugh","","0"
"87","lcollins@gmail.com","pbkdf2:sha256:600000$52HwEPNNKucDlZDz$3f04a1ab0eef11a51fd71444bf2a9a12c61f44d146b8c813fb468b88e9aed102","James","Rodriguez","","0"
"88","john71@hotmail.com","pbkdf2:sha256:600000$k6FNN21THkitVTGN$c0c4e029fa71441d6422fd4c6023424e5248fd38416adabb3688d3c939320ade","George","Butler","","0"
"89","deborah72@hotmail.com","pbkdf2:sha256:600000$bD7dhf7FrqO5CN2Y$551d0fa38d0ce41d2bb540b13aa25d664ee33b89b44a71246e93b0802b7d1e5a","Shawn","Gregory","","0"
"90","irwinwyatt@gmail.com","pbkdf2:sha256:600000$UT6bwqrEl39fA7lt$ebd382cfbc3ad7a50796032d9e341fa6e674cb6967f10a6164c13ab7a691cebb","David","DDS","","0"
"91","pbrown@yahoo.com","pbkdf2:sha256:600000$tzbdUWV70XmRBkv1$6d4c26ecebe1a60c46e52e36178ea061fd9d4e25fafb34a3ef1bb6aa74e9db0d","Mark","Chapman","","0"
"92","elizabethyang@gmail.com","pbkdf2:sha256:600000$6j5D3fJeWbRYH1Xc$6d45248091d5c3027dadf50c67bad0671d4506784fde7d6fd58183284f56945b","Savannah","Miller","","0"
"93","zwilson@hotmail.com","pbkdf2:sha256:600000$Mt3BJMURmTK3rCqo$8eb582a6cb3545283ad9db2c18e37e7af8748027c2a66fd3506e865bb4c6dc82","Matthew","Doyle","","0"
"94","drakefrederick@hotmail.com","pbkdf2:sha256:600000$9EKHyDDTWLnAnVOP$361c15cc629cb54fe857c700af87c9f08d2e070b0f063aa424be861fb543e20d","Daniel","Carter","","0"
"95","mforbes@yahoo.com","pbkdf2:sha256:600000$LLOiIXEDpChLDOx5$ac4ca256a6b341b80dafc5f353ea697d9e18e0ffa5e443937e23a6da5a0362ad","Donald","Ponce","","0"
"96","hillshelley@gmail.com","pbkdf2:sha256:600000$6GrMZYNYCdTUOJkx$fc286b08d21d6428b8d18da6752aca687fa299172d1139bba73f778f9268a047","Dr.","IV","","0"
"97","brittanymendoza@gmail.com","pbkdf2:sha256:600000$vKdIz25UzGdedDkr$fa122e521e774ba96fda4620ab41738848870d6ac8f68b9706d9df63f311803d","Adrienne","Friedman","","0"
"98","taylor42@yahoo.com","pbkdf2:sha256:600000$g8W9CBudqzYsndlM$cac55e09d61fb86206bc5a1fc3f158f9f21fb86c5f33e3d6ad25a44ca4972e6e","Justin","Adams","","0"
"99","jacksonlori@gmail.com","pbkdf2:sha256:600000$PhoJflyFYK5YVYVG$0d2d8dd1f8c3c59270209748a21641ed2d009e6aa8c8709c70121df6b5567efd","Michelle","Welch","","0"
