"0","tamaramorrison@hotmail.com","pbkdf2:sha256:600000$7PPH6F0PJq7LX64W$316f1d305f23219c0748e12954ed258bd39035282d001f832331293060d46987","Gary","Cross","","0"
"1","woodtina@gmail.com","pbkdf2:sha256:600000$aQByXlGZHSDrZHsc$bba12006bac6fc142a9f7bf975d60ee954b34df8c41080c12082c9f4d68d1fff","Denise","Thornton","","0"
"2","rogersbrandon@yahoo.com","pbkdf2:sha256:600000$dlfZL9Yso2Gr7hfw$978ccdf74e083f288b2aa3c74d1db051dedec50bf5d375c9fe0a846135b0474f","Christina","Saunders","","0"
"3","davidbanks@yahoo.com","pbkdf2:sha256:600000$0hKFo7RAZRAOl1yF$c3398c30ecb636eaa5baef0f56a337b6aaee031aafa2d86adc1e2c28de78d616","Kathleen","Collins","","0"
"4","samanthasims@yahoo.com","pbkdf2:sha256:600000$dNPU1XAMiCBvvCvM$4490441c35bc6f5c3430ff3abcecc4bc81f85601c95bd8ba670315f82e1b2de9","Timothy","Parker","","0"
"5","amyvelazquez@gmail.com","pbkdf2:sha256:600000$vc3z8S7T4npkeqVh$5e1922c5def4ae1c43a3e5d014112b984ea3c8025a7475a6b5d579a72bd7891b","Dr.","DDS","","0"
"6","dpatrick@gmail.com","pbkdf2:sha256:600000$Obg4uPJtpx4Hn0bB$02666fd3b0d37053aef2fa409e5f3c316640da7c31fd4fef72303fd6620db655","John","Gibbs","","0"
"7","huberrachel@gmail.com","pbkdf2:sha256:600000$BkrtQsi8HgHMUIKK$398184131e94fbe2453e3b86984b1a9743f52942ca4421d380a6315488c3bc22","Julie","Chen","","0"
"8","karicarter@yahoo.com","pbkdf2:sha256:600000$cQEif80KsyzBeAHC$b02c96b4d01fa992fbb333ac7f0007ef75c2e8c9f4f1f863daed722a2a0b9123","Ashley","Cooper","","0"
"9","bramirez@gmail.com","pbkdf2:sha256:600000$LxAVYXBpFTDCk2vA$6774e5d7f3c553700139e251279f642e3f12741a88aef0321a082923a19cc589","Christina","Smith","","0"
"10","mcdanielchristopher@hotmail.com","pbkdf2:sha256:600000$hgnpt0U9hq90kDDg$a3de379b91f1e8f38fd8553e1324549f0d23eda3ec7f71ce27e2098991c73d2a","Leslie","Taylor","","0"
"11","fcarpenter@yahoo.com","pbkdf2:sha256:600000$MU9enIYFp2bHe52k$e81163187b7c9b0d6909c1d9ec5a9762670829d074675617b5f7f73ce6583c4e","Amanda","Schultz","","0"
"12","nhenson@yahoo.com","pbkdf2:sha256:600000$nwoMetQzffMcROs3$fc731a57555a7fdf879fba536a2c94c39e49398d1cb267fa24df73255bb6b9a2","Kristen","Smith","","0"
"13","taylorjamie@yahoo.com","pbkdf2:sha256:600000$6ATUlLIhZWg0xejy$29f31d1594d4b402fcd68a55c2ea3b33f8f3535c44bf690c5a838dd2407263f6","Mitchell","Payne","","0"
"14","areyes@yahoo.com","pbkdf2:sha256:600000$823LTsd1rkGFOHV9$cde9bad6f101e4fa928ad5cdca9ba3716c4fd9332cf88a33e1581a75f89b329d","Katherine","Brown","","0"
"15","zmorgan@yahoo.com","pbkdf2:sha256:600000$riYXwESWg0Sn8ouk$9be7df8683ee558dea62d98a981ebe54dd58ebdca28f98e2c5b026865bff4506","Jessica","Hancock","","0"
"16","rfischer@yahoo.com","pbkdf2:sha256:600000$H8qnEkM56gMJDsg2$f6c4b744ebd1f3fae3f57414b5d0c480af1ae529ecea6b9cae32afeec28b5384","Gloria","Smith","","0"
"17","vasquezkathryn@gmail.com","pbkdf2:sha256:600000$DerSXPMMu8ajIIW7$28224d7a28e75887049d62b140e6f83071357ee04bd1a8f8b82560fff15f2828","Miguel","Shields","","0"
"18","kimberly87@gmail.com","pbkdf2:sha256:600000$agIiEO8Hzm3gx9Q3$ffe3f80a9880e29abe92c495b1e27805e1c513753c53b9e66d418c28e3d43674","Kyle","Powell","","0"
"19","wbrown@hotmail.com","pbkdf2:sha256:600000$m9z7USTwRWTuWlej$36b53de453e03679bbb6a0342760cbece9f67e6f7656428362860a3b15c37548","William","Hensley","","0"
"20","pwilliams@hotmail.com","pbkdf2:sha256:600000$nka2jWBl8uIR7mnj$696ce4a281866ca03460162025ed87bec3240add6e31c54bb8d76fb22ee4557e","Brett","Donaldson","","0"
"21","houstonwhitney@hotmail.com","pbkdf2:sha256:600000$BF4TSdyOpmvqbrdi$277f3182893047941c0dd59f37d0311a6772d808ec7f2ff99bd2ab320b19dd61","Thomas","Cook","","0"
"22","pford@hotmail.com","pbkdf2:sha256:600000$C2yeqCB6SoYvP6wC$60a089927cd99ed0e6fed92bbb314dff7ee319e4ebb38caa448072a8ac7a9e09","Tina","Thompson","","0"
"23","elizabeth32@hotmail.com","pbkdf2:sha256:600000$Phro3FaUGRLA93q6$72228d7013202f510450303afdc9517788deefd488b89f85e58574bca70f6687","Lauren","Walters","","0"
"24","nancy51@hotmail.com","pbkdf2:sha256:600000$5PVFsAlxd1ar9Y2W$5f7c0c280b949773b1d07c72529ad34ca98f53ba7d8229d63e3abd51df32c39a","Troy","Hawkins","","0"
"25","danielrobles@yahoo.com","pbkdf2:sha256:600000$UqdVbQSmuuBs1DTC$2edcbeb819a7e0db09cb9b0363c10ef91deb8d5ee461dea3d43b4283db1e0099","William","Bray","","0"
"26","griffinpamela@hotmail.com","pbkdf2:sha256:600000$7GBwATc5Bj61lufI$c9baca45db9c5ff2058129b4d28486e2ced29381ebbdb0402f88fa23b5662e20","Melissa","Wells","","0"
"27","qmyers@yahoo.com","pbkdf2:sha256:600000$RelrjoDR566HDbtf$3e778724461e5b921e66568a65ddc195c92db909a98e7cb13a038026e379c75f","Amy","Sanchez","","0"
"28","jeremy94@gmail.com","pbkdf2:sha256:600000$304cmBjqrfxmqjjF$b22ee447178344c76cbfa2f5c569c36ee531284f1759ee610174a960392297c7","Joshua","Jones","","0"
"29","wendysteele@gmail.com","pbkdf2:sha256:600000$Ha5jxy6ulwW9yR21$046e33f0291f66717189ad348fe1d787580f5da87e66a86b6dae3d1c88ad55f0","Zachary","Garcia","","0"
"30","hartmanrobert@hotmail.com","pbkdf2:sha256:600000$9Oe3VCGehi3HuV3x$feaf377b7168ba88ad59e4f261286601c8f474fceca658073b5ee1e82b317fd2","Kim","Ortiz","","0"
"31","martinezchristopher@gmail.com","pbkdf2:sha256:600000$JcVWNnXH2LdkzHXh$2dc50d90d04dc29cf1e670e2405020b9b27ca4807aefde2b35b47f9092847949","Kristin","Ibarra","","0"
"32","qstark@yahoo.com","pbkdf2:sha256:600000$AchaSk4uqOUoXATy$781f843c9e32d219c1c39d90e4aedd181e876a51e607b8ec904b24081d7f0c43","Eric","Taylor","","0"
"33","waynebarnes@yahoo.com","pbkdf2:sha256:600000$f2pqi3q3GV9BOJk7$d3268af4c3d8f1277e128597c800c16cabe7d285b33bc2c29ef30b32311dcafa","Daniel","Mccall","","0"
"34","vschneider@gmail.com","pbkdf2:sha256:600000$7RcjgC3OBg0gRggi$50fe28e05ba852316dfc15d68a3b190a7a1d4532101588c92c56698c262a9811","Brian","Kelly","","0"
"35","ostone@gmail.com","pbkdf2:sha256:600000$eDbh0Tziv32CNDok$e4a6e10f11add571e5ba29fcd8b2952219264329778c51355894b592960f37fd","Abigail","Hoover","","0"
"36","blewis@hotmail.com","pbkdf2:sha256:600000$wJmyt3WPDTACgjdy$62456515811393ccb892d81369d77921a01319b9e202f0d9cd65f588cdadadcf","Ashley","Williams","","0"
"37","hbrown@gmail.com","pbkdf2:sha256:600000$Kawkkpu2piclmT0H$7e4410c70b37ff39805627ffd35d64624eedd535d887a99a46a294aad92e69e2","Edward","Hill","","0"
"38","joylowe@yahoo.com","pbkdf2:sha256:600000$QmsrbFWiYj4I2QiZ$cd114b8a4c71caedbcabada08815639176ccfadd9a8231d1c84abed3d13343b9","Chad","Bridges","","0"
"39","sandygarcia@gmail.com","pbkdf2:sha256:600000$MLtZvMClnd0YclDe$462e0baf2ac0cb0a5f6bc8b71723078f80943d6e59f728ac7c8c1530e3b8b617","Dalton","Fritz","","0"
"40","nbaker@gmail.com","pbkdf2:sha256:600000$vs6waZygvk4SWO12$cc5b46ffc40c709aebe3d37334a2115066bbef95b4fd3e4decb2f353127d792b","Erica","Vega","","0"
"41","jenniferbaldwin@hotmail.com","pbkdf2:sha256:600000$N5W5wj181XvuxYB5$9a7fbbe3536eb18425401fb4912a678a36a1cc27ad8b02853722301320fcce0a","Dawn","Russell","","0"
"42","codyherring@hotmail.com","pbkdf2:sha256:600000$H7C0bcr4adm4atPr$0c7f404c1e047123231cd0722d0786b89605d6cb2fbf0032f28c48414e1c184b","Erica","Le","","0"
"43","tgilmore@yahoo.com","pbkdf2:sha256:600000$QWVSCHv28GpRZlrH$dfef4d92ca647ea90c93302e982847abd2982f4a1f1f8d538f99319395b4207e","Kenneth","Castro","","0"
"44","justinbonilla@hotmail.com","pbkdf2:sha256:600000$jkYUUjfOastDKZ1n$10a1cd94c7399aed87000d6dce65f8093f91fd1c2c48890487e39fe2f87dd644","Daniel","Patterson","","0"
"45","webereric@hotmail.com","pbkdf2:sha256:600000$lbhcbAqy8agMBLHp$2b36f99c5a3d874e17a2642ce899db62a0ee490780f6b38c6e122b34d66a372b","Douglas","Yates","","0"
"46","denisetaylor@gmail.com","pbkdf2:sha256:600000$R5rKvWlNOTP4qrlO$b3932cafb0621874d5faa1be24f3e6d62a23ebc6f914d74c61430229d5bd5ab5","David","Steele","","0"
"47","jyoung@gmail.com","pbkdf2:sha256:600000$2rlWeunH5zbl6kO4$2019e92ae24cb068f03eb4ac45127653287334781d0966df62bf9bb80e117809","Christopher","Green","","0"
"48","upeters@hotmail.com","pbkdf2:sha256:600000$TJGrGVqzKjqu0fKW$35307df7fb4fe45f9e054ac7690a8ada34c4cc4e4ed093b11b6096300a952571","Maria","Valentine","","0"
"49","torreskyle@hotmail.com","pbkdf2:sha256:600000$iG4fGARs1NBUEr1Y$6f8fc0d7deb029d921386c33f102f81910e95377ee225d90845f79da89adf9b5","Beverly","Taylor","","0"
"50","christopher91@gmail.com","pbkdf2:sha256:600000$BcrzRfKrBo7WgY0b$bd943bf661e2e522798ee90bc30720768ef88b82056316955351b190fed6128a","Kristin","Alvarez","","0"
"51","yolandabraun@gmail.com","pbkdf2:sha256:600000$cij4ueoJ3ZCYXkJO$57e5a07292c113f3100c23568b42f38102ad6324dfc0faa282cd3da5ee41c0d8","Scott","Lawrence","","0"
"52","olsonjohn@gmail.com","pbkdf2:sha256:600000$LkOpPSQnNzYGfrr0$7993f5c6366d50b2b980326831c2437c98e645e97c1d7807eed6e32de1d5b3d4","Perry","Jr.","","0"
"53","erin71@yahoo.com","pbkdf2:sha256:600000$FMuhdgOSR6Tru9Io$9a9bbd81f7f764367f216a84efd71e15af671df0f4424f965fef1dcbb4729dcf","David","Rivera","","0"
"54","kelly22@hotmail.com","pbkdf2:sha256:600000$CGTdQNBf7HUTnf7m$c718af153a580a6a82a2e8738d66320ea5d8152c5b8c3f70a602d578e84dafda","Shannon","Rivera","","0"
"55","beverlysmith@yahoo.com","pbkdf2:sha256:600000$hdfWYvAMNlbyKbwJ$2b8b12ab8e93040eb21c1e082454118b0d67afc0649f3814590268816ca1f356","Katherine","Smith","","0"
"56","ktucker@hotmail.com","pbkdf2:sha256:600000$B7xGMSpIHQxYxEUk$215244e55e0ca8312b6178be43f0c7101cec27dfa9e9cef68355a9b5f8e88f9c","Elaine","Morris","","0"
"57","gordon43@hotmail.com","pbkdf2:sha256:600000$fyhbcF5IrYVislMP$f7fd466a8868ca98eb1fc68dd179c84b14069805c388ce68fca29fc45bcf437f","Wayne","Reed","","0"
"58","kennethwashington@gmail.com","pbkdf2:sha256:600000$TRLk4dGKACZ0NCrS$11cfb434087c9ba695ab29d8c1aa130e0864b7f6abe5516b33bd1556101a4aa1","Jennifer","Marsh","","0"
"59","zharris@hotmail.com","pbkdf2:sha256:600000$6wswFQogeIokfBt5$89f1c0e37cfb6069856cce874eda74ae6f39632aa42cb354e60e9f44aed407b2","Richard","Haynes","","0"
"60","davidlewis@gmail.com","pbkdf2:sha256:600000$CUcKm4VySLrWVbMW$7b3049348e98525f55afa653c5a7ecd7e53c145ad2c765373cc087b7e11f7e97","Sean","Jackson","","0"
"61","joshuakent@yahoo.com","pbkdf2:sha256:600000$Rgj67f9b5qArnWze$a79d2d1d1fc3eea408aeaba7f3025b5b8441fec00a78020ddcfa2b8d23afd2a6","Billy","Graham","","0"
"62","tammy10@yahoo.com","pbkdf2:sha256:600000$Hcy6NuTZsMlz73Q6$db0ce54909fde44a874e0acdfd8e844416d0f56788bfe52e6ce975f839c6a526","Christopher","Mitchell","","0"
"63","christianhernandez@gmail.com","pbkdf2:sha256:600000$ziR1Qm5NltO7gDgY$7d7dd7ca799a19d97ac0e0862e465f5fbac6422e9ca78206ade6791079196b41","Jeffrey","Griffin","","0"
"64","randallwendy@yahoo.com","pbkdf2:sha256:600000$UxLhFqYaL29yBqoo$8874c86c4d2daac60f71d568436b665f30590909b8c21259a7c20a592a77f074","Chase","Foley","","0"
"65","heathercrawford@yahoo.com","pbkdf2:sha256:600000$kuqy2BzutVBuzL6j$48eb8de2966c8d05dfc53b50a42c9f4d3b48867cdb8b9056e7be027aae2b14ff","Matthew","Cisneros","","0"
"66","pauldiaz@gmail.com","pbkdf2:sha256:600000$BZha5XXaba4NThxz$65e31b49217e79acfe4d359c0db8c9efa41d370643b436dbea9c35c3bb241278","Tyler","Pace","","0"
"67","victorlewis@gmail.com","pbkdf2:sha256:600000$DUXaGjtMMtnIPGwN$76deb342496420ffd6ff527a47bf573296506544f312547115e0d1213b9fca21","Matthew","Beltran","","0"
"68","armstrongcolleen@gmail.com","pbkdf2:sha256:600000$Pv00UKRCLjLGLFXm$ed03fc5a9e11e0f592eafad11e66a39aa9343458674a23f143137a20cffd49dc","Sandra","Powell","","0"
"69","mwade@hotmail.com","pbkdf2:sha256:600000$38Gfj4w4YtN1BKJ6$312d83ca654516a8d28d21b49c53e89cff779b0184fd2e5524cf2f63973076c4","Matthew","Jones","","0"
"70","kristinperry@yahoo.com","pbkdf2:sha256:600000$lSllPfxHAYwlVt4L$e64525521b1d85eab980c345cef5448ae738b23374b48a50369bef4deae824d1","Jacob","Roy","","0"
"71","cbrown@yahoo.com","pbkdf2:sha256:600000$J7F1ByLy85lSdnXj$b63ddc1324551887a5c9627e24e55f0a917e4d2ac11ec38f52b7fb431d7c42f1","Shannon","Boyd","","0"
"72","patricklopez@hotmail.com","pbkdf2:sha256:600000$jdCPuAfJrdiAn3yh$76540ae6f0e36e0131570b475d0e705f3c3c14ec69d1f6ba1d8e33d83a8723e6","Jessica","Wilson","","0"
"73","osanders@gmail.com","pbkdf2:sha256:600000$emxpxtK6PVsBuqeT$7cdfa2121a9dede04f475aca5c14bf969395e3b8d50b4b264bb7845a77542a60","Keith","Ramsey","","0"
"74","sharon91@hotmail.com","pbkdf2:sha256:600000$BAwRgnE2IgdpG2ia$d4bab68f38b8e71c715917396963d5393b1d13dfb4133bb60302d52c8b1c2336","Lori","Dominguez","","0"
"75","privera@gmail.com","pbkdf2:sha256:600000$ySeZbgIY0FtBwHpW$39e9ca6c0da3aa7e06839b99b19807a2640213ff5b427336e13ff401ac7aade6","Patricia","Pearson","","0"
"76","brian64@yahoo.com","pbkdf2:sha256:600000$8cJJLHNpaxMfWka8$7885b190095377a09615c18bcc3271cee5cb0d7bc33fea55a78a24afd11e6b1e","Alan","Pineda","","0"
"77","diazfrank@yahoo.com","pbkdf2:sha256:600000$k1SEGvd8mQAJptmg$99609e1af67251172c162f34c592236d82607dc27e6a2cbfd529b9f94318d90e","Jamie","Clark","","0"
"78","qferrell@hotmail.com","pbkdf2:sha256:600000$4MsIMFXp5HPyYmko$93dcdea8fef118e5faf58ba206727bfc98a0ce9d9d2fb7bd1534b3bc029b378f","Tracey","Bartlett","","0"
"79","patrick19@yahoo.com","pbkdf2:sha256:600000$iTxTJDu2SGqh6aDe$d1ef74c4ae9a6a8d1d3044e32667891d9fc949d573f3a481cda661724d25d935","John","Coleman","","0"
"80","derek56@hotmail.com","pbkdf2:sha256:600000$kM1SvQXUXbPdrZbR$1a1fc817d3ea24ba44b6b314dce2f3d9d28574b28418d2abda987fa1664bfeae","Edward","Ochoa","","0"
"81","jacob95@gmail.com","pbkdf2:sha256:600000$1IpdoasYB7zcxSUA$e2cc1fbe72f2cfe05171b2e8942d79fb6e1ae3dc9b7868a557bc80984c76971a","Sheri","Jennings","","0"
"82","ppatel@gmail.com","pbkdf2:sha256:600000$srBp9Y0FuFKtap5G$65783738fe20a8b043a08e95e392632645cf6cc59bbb927df37d321399cba13a","Deanna","Holt","","0"
"83","nicholasmorgan@hotmail.com","pbkdf2:sha256:600000$aQ9pVmjsToOUrmis$1834cf63c6d339f92d30fe7a134a62d20e4095424351bbb6c038fe76181308e0","Larry","Palmer","","0"
"84","dwells@hotmail.com","pbkdf2:sha256:600000$1KBbRrA4tMcKNrsD$45164386c47945678cc8a5d5f882978eef77668353731f22f80e117b70722433","Kristina","Higgins","","0"
"85","amyporter@yahoo.com","pbkdf2:sha256:600000$fGBeSmSBpIDUpngj$1bdb2f5ce797fc51c77e91a82f6e3cd16a81f378d453323e507aaa70e61bd5fa","Shawn","Matthews","","0"
"86","lindseylynch@hotmail.com","pbkdf2:sha256:600000$3GmdHslBtZ8FrEjc$598cce0a117ae5a6e419e8da3b97507f7c2a1d10f371f3d722002209f708b22d","Leslie","Pugh","","0"
"87","lcollins@gmail.com","pbkdf2:sha256:600000$VssZgLr3GE5sOMby$1afe4625ae1a9fe74b5f64ca86e33134a237a4708393a237974629ff2cf923eb","James","Rodriguez","","0"
"88","john71@hotmail.com","pbkdf2:sha256:600000$6oVYB6orW0r9Nk5l$ce8c0eab22b15aad3cb1e11a1a94e8f17af5f34520e47ef43bb2728449f193d0","George","Butler","","0"
"89","deborah72@hotmail.com","pbkdf2:sha256:600000$hQBDpeBOo4QYd7rA$9426a26d97a6261057dc5add638ef69ccfa36b06a86605e6d7a098d72cefbdb6","Shawn","Gregory","","0"
"90","irwinwyatt@gmail.com","pbkdf2:sha256:600000$g1BKBDHfecpMQ951$a14d602bc52ce87e0181cfb0cf8867cb76c6b8ebb8741ae79eeab7a1dc306c9c","David","DDS","","0"
"91","pbrown@yahoo.com","pbkdf2:sha256:600000$QOWHXvAhH7A5Zjo1$0a95e992f844cd9a472078016414dcd4b33d11c07f42f093c2b58176c05d56b6","Mark","Chapman","","0"
"92","elizabethyang@gmail.com","pbkdf2:sha256:600000$pLtoox6I73ySp0lv$de9e3cfa1416e794c839c304bb02e4270298d739bd9e46bf0a7568c2b0f303f8","Savannah","Miller","","0"
"93","zwilson@hotmail.com","pbkdf2:sha256:600000$KwePbo0yE2mqwuE2$2932b9e78d01dcaf2d858cd95d1c1ceed31bdff29b11f2793b5d880bc63da183","Matthew","Doyle","","0"
"94","drakefrederick@hotmail.com","pbkdf2:sha256:600000$BZDNLDnlBXpdtcI1$86ac5c35cc9c4f82d279de59398198282e3f00a0fc8d1ed1f6839c8b71a06df6","Daniel","Carter","","0"
"95","mforbes@yahoo.com","pbkdf2:sha256:600000$eaJPDLOPLoU37sSs$43af464b10a38e280cc57c7bdcac1f4ed0f328be622138df346a9e2f5568a9f5","Donald","Ponce","","0"
"96","hillshelley@gmail.com","pbkdf2:sha256:600000$VfI6nbQVCxW4HcFZ$2a8baa457f6db1ddad27c42ffe5cab15c221bbd472ce897e443ad6e792948ab1","Dr.","IV","","0"
"97","brittanymendoza@gmail.com","pbkdf2:sha256:600000$gny0At005ldwQNU6$9a653e88d98c53b5a1d2c4f269ddd4eee7e02f2b6104b20cc52d1834f288cf98","Adrienne","Friedman","","0"
"98","taylor42@yahoo.com","pbkdf2:sha256:600000$Uc8UZVJtwNyGDhKo$c7d61164431f95137e957792a9160bda6e74aa46df407f3f633ab8f5a2827d16","Justin","Adams","","0"
"99","jacksonlori@gmail.com","pbkdf2:sha256:600000$7NgdZkHBPlGXHMOb$257569d5b23197f6bf476148c83e75c84a6f5577f7eba1ea3a903a8b5f1234e7","Michelle","Welch","","0"
